{
  "success": true,
  "result": {
    "machine": {
      "userAgent": "Mozilla/5.0 (Macintosh; Intel Mac OS X 10_15_7) AppleWebKit/537.36 (KHTML, like Gecko) HeadlessChrome/144.0.0.0 Safari/537.36",
      "platform": "macOS",
      "logicalCpuCount": 12,
      "deviceMemoryGiB": 8,
      "devicePixelRatio": 1
    },
    "canvas": {
      "width": 1000,
      "height": 1000
    },
    "observations": [
      {
        "kind": "historical-baseline-400--hill-only--same-density--source",
        "sha256": "9a6d66351d2bb63cd3eb6e4580b325e501cd9d7d009473a864af806dc03d33b0",
        "bytes": 119311,
        "primitiveCount": 400,
        "pointCount": 2400,
        "loadMs": 5.200000047683716,
        "firstDrawMs": 0.39999985694885254,
        "redrawSamplesMs": [
          0.39999985694885254,
          0.40000009536743164,
          0.2999999523162842,
          0.20000004768371582,
          0.20000004768371582,
          0.2999999523162842,
          0.2999999523162842,
          0.2999999523162842,
          0.3000001907348633,
          0.19999980926513672,
          0.20000004768371582,
          0.2999999523162842
        ]
      },
      {
        "kind": "historical-baseline-400--hill-only--same-density--processed",
        "sha256": "eb934e6c494ae0a75792793a89f4ff7e92eb4d79a9abfd5edf0d6fd48f385bfd",
        "bytes": 113316,
        "primitiveCount": 395,
        "pointCount": 2247,
        "loadMs": 4.300000190734863,
        "firstDrawMs": 0.2999999523162842,
        "redrawSamplesMs": [
          0.2999999523162842,
          0.20000004768371582,
          0.20000004768371582,
          0.19999980926513672,
          0.20000004768371582,
          0.20000004768371582,
          0.09999990463256836,
          0.3000001907348633,
          0.09999990463256836,
          0.2999999523162842,
          0.20000004768371582,
          0.20000004768371582
        ]
      },
      {
        "kind": "one-hill-5000--hill-only--same-density--source",
        "sha256": "4d84d096c90f1be0b1d081bc6b377a6dd65db700409f3bc6d15c009a0dc4719f",
        "bytes": 1520482,
        "primitiveCount": 5000,
        "pointCount": 30000,
        "loadMs": 24.5,
        "firstDrawMs": 1.4000000953674316,
        "redrawSamplesMs": [
          1.3999998569488525,
          1.4000000953674316,
          1.2999999523162842,
          1.6000001430511475,
          1.2999999523162842,
          1.3999998569488525,
          1.2000000476837158,
          1.7999999523162842,
          1.3000001907348633,
          1.1999998092651367,
          1.3000001907348633,
          6.8999998569488525
        ]
      },
      {
        "kind": "one-hill-5000--hill-only--same-density--processed",
        "sha256": "622c399e9adc11ddf17ef472c9ef72e7d93a0634751c53ee00b9ff02e0c88f67",
        "bytes": 1520449,
        "primitiveCount": 5000,
        "pointCount": 30000,
        "loadMs": 18,
        "firstDrawMs": 1,
        "redrawSamplesMs": [
          1,
          1.2000000476837158,
          1,
          1,
          1,
          1.0999999046325684,
          1.1000001430511475,
          1,
          1.0999999046325684,
          1,
          1,
          6.5
        ]
      },
      {
        "kind": "historical-baseline-400--hill-only--plotter-lod--source",
        "sha256": "9a6d66351d2bb63cd3eb6e4580b325e501cd9d7d009473a864af806dc03d33b0",
        "bytes": 119311,
        "primitiveCount": 400,
        "pointCount": 2400,
        "loadMs": 2.700000047683716,
        "firstDrawMs": 0.09999990463256836,
        "redrawSamplesMs": [
          0.10000014305114746,
          0.09999990463256836,
          0.10000014305114746,
          0,
          0.09999990463256836,
          0,
          0.09999990463256836,
          0.10000014305114746,
          0.20000004768371582,
          0,
          0.09999990463256836,
          0.09999990463256836
        ]
      },
      {
        "kind": "historical-baseline-400--hill-only--plotter-lod--processed",
        "sha256": "51f43570c1384e26f826d7da6762442e82baf0eafa24209576ea48e1150b2892",
        "bytes": 90298,
        "primitiveCount": 320,
        "pointCount": 1812,
        "loadMs": 2.1000001430511475,
        "firstDrawMs": 0.09999990463256836,
        "redrawSamplesMs": [
          0.10000014305114746,
          0.09999990463256836,
          0,
          0,
          0.09999990463256836,
          0.10000014305114746,
          0,
          0.09999990463256836,
          0,
          0.10000014305114746,
          0.09999990463256836,
          0.09999990463256836
        ]
      },
      {
        "kind": "one-hill-5000--hill-only--plotter-lod--source",
        "sha256": "4d84d096c90f1be0b1d081bc6b377a6dd65db700409f3bc6d15c009a0dc4719f",
        "bytes": 1520482,
        "primitiveCount": 5000,
        "pointCount": 30000,
        "loadMs": 16.700000047683716,
        "firstDrawMs": 1,
        "redrawSamplesMs": [
          1.1000001430511475,
          1,
          1,
          1.0999999046325684,
          1,
          1.0999999046325684,
          1.1000001430511475,
          1,
          0.8999998569488525,
          1.1000001430511475,
          1,
          5.8999998569488525
        ]
      },
      {
        "kind": "one-hill-5000--hill-only--plotter-lod--processed",
        "sha256": "dabbe95e9dd0cd28d0dbc0c65e339b4456c7da075554ad286a5ea5f2cf612bb9",
        "bytes": 1478338,
        "primitiveCount": 4863,
        "pointCount": 29178,
        "loadMs": 16.90000009536743,
        "firstDrawMs": 1,
        "redrawSamplesMs": [
          1,
          0.9000000953674316,
          1,
          1,
          1,
          1,
          0.8999998569488525,
          1,
          1.1000001430511475,
          0.8999998569488525,
          1,
          5.6000001430511475
        ]
      },
      {
        "kind": "historical-baseline-400--hill-and-clump--same-density--source",
        "sha256": "9a6d66351d2bb63cd3eb6e4580b325e501cd9d7d009473a864af806dc03d33b0",
        "bytes": 119311,
        "primitiveCount": 400,
        "pointCount": 2400,
        "loadMs": 3.5,
        "firstDrawMs": 0,
        "redrawSamplesMs": [
          0,
          0.10000014305114746,
          0,
          0.09999990463256836,
          0.10000014305114746,
          0.09999990463256836,
          0,
          0.20000004768371582,
          0,
          0.09999990463256836,
          0,
          0.20000004768371582
        ]
      },
      {
        "kind": "historical-baseline-400--hill-and-clump--same-density--processed",
        "sha256": "0d02500a974c1c648fad5f632e7b13529eb996dcf96c78ed61ab3bf8284d6f58",
        "bytes": 113283,
        "primitiveCount": 395,
        "pointCount": 2246,
        "loadMs": 2.0999999046325684,
        "firstDrawMs": 0.10000014305114746,
        "redrawSamplesMs": [
          0.09999990463256836,
          0.10000014305114746,
          0,
          0.09999990463256836,
          0.09999990463256836,
          0.10000014305114746,
          0.09999990463256836,
          0.10000014305114746,
          0,
          0.09999990463256836,
          0.09999990463256836,
          0.10000014305114746
        ]
      },
      {
        "kind": "one-hill-5000--hill-and-clump--same-density--source",
        "sha256": "4d84d096c90f1be0b1d081bc6b377a6dd65db700409f3bc6d15c009a0dc4719f",
        "bytes": 1520482,
        "primitiveCount": 5000,
        "pointCount": 30000,
        "loadMs": 15.5,
        "firstDrawMs": 1,
        "redrawSamplesMs": [
          1,
          1.0999999046325684,
          1,
          1.1000001430511475,
          1,
          1,
          1,
          1.1999998092651367,
          1,
          1.1000001430511475,
          1,
          5.299999952316284
        ]
      },
      {
        "kind": "one-hill-5000--hill-and-clump--same-density--processed",
        "sha256": "e5b9e7496f5d9915c8a71b1a4ff93681744e7ae15d597cb2ecfeffc4bb6d627a",
        "bytes": 790860,
        "primitiveCount": 2994,